Fid,Aid,FlightNo,SourceAirport,DestAirport,FlightDate
1,1,28,APG,ASY,2019-05-12 07:04:16
2,1,29,ASY,APG,2019-06-11 07:43:42
3,1,44,CVO,ACV,2019-06-07 03:15:30
4,1,45,ACV,CVO,2019-06-15 20:16:41
5,1,54,AHD,AHT,2019-07-30 05:00:00
6,1,55,AHT,AHD,2019-07-10 15:59:18
7,1,90,ATO,ABR,2019-07-14 09:09:21
8,1,91,ABR,ATO,2019-06-15 22:13:36
9,1,108,ANV,MMI,2019-07-26 15:08:20
10,1,109,MMI,ANV,2019-06-22 19:49:01
11,1,142,ALI,AKC,2019-06-14 01:48:49
12,1,143,AKC,ALI,2019-07-18 22:21:40
13,1,148,HMN,ABL,2019-06-29 15:28:36
14,1,149,ABL,HMN,2019-06-14 09:16:38
15,1,198,NGZ,AAF,2019-06-24 16:56:44
16,1,199,AAF,NGZ,2019-07-07 00:35:00
17,1,226,CVO,KKI,2019-05-29 19:24:49
18,1,227,KKI,CVO,2019-07-26 04:45:44
19,1,276,ARB,ANV,2019-06-10 07:05:55
20,1,277,ANV,ARB,2019-07-01 09:19:55
21,1,308,ATE,AKC,2019-07-01 06:26:23
22,1,309,AKC,ATE,2019-07-26 01:51:20
23,1,326,ALX,ALI,2019-07-03 04:09:13
24,1,327,ALI,ALX,2019-05-04 21:31:36
25,1,370,AKC,WKK,2019-06-02 04:59:43
26,1,371,WKK,AKC,2019-07-01 13:03:16
27,1,414,AAF,ALB,2019-07-07 13:53:22
28,1,415,ALB,AAF,2019-06-27 16:23:31
29,1,424,ADG,AOS,2019-05-20 11:12:19
30,1,425,AOS,ADG,2019-07-30 06:06:02
31,1,470,ABQ,MMI,2019-06-26 22:03:11
32,1,471,MMI,ABQ,2019-06-12 17:21:27
33,1,520,AIV,ALS,2019-07-17 12:21:40
34,1,521,ALS,AIV,2019-07-14 09:50:00
35,1,556,AYZ,AHD,2019-07-01 18:28:59
36,1,557,AHD,AYZ,2019-05-20 09:33:09
37,1,560,AHF,ATO,2019-07-03 08:08:13
38,1,561,ATO,AHF,2019-06-28 17:16:37
39,1,604,ADG,ANN,2019-07-09 20:32:19
40,1,605,ANN,ADG,2019-07-07 19:45:43
41,1,608,AST,DYS,2019-06-19 16:29:22
42,1,609,DYS,AST,2019-07-25 04:21:59
43,1,626,AKI,AEL,2019-05-22 15:24:17
44,1,627,AEL,AKI,2019-07-25 06:23:27
45,1,658,ARC,ALM,2019-06-11 20:16:24
46,1,659,ALM,ARC,2019-05-31 23:58:05
47,1,708,AXB,AFO,2019-06-23 21:46:36
48,1,709,AFO,AXB,2019-07-14 00:40:45
49,1,744,AED,OTS,2019-07-01 01:33:05
50,1,745,OTS,AED,2019-05-22 02:27:39
51,1,754,CVO,ANY,2019-06-07 00:33:11
52,1,755,ANY,CVO,2019-05-31 20:08:16
53,1,786,ACV,AHD,2019-05-04 13:56:19
54,1,787,AHD,ACV,2019-07-23 16:58:28
55,1,810,ARC,AQY,2019-07-29 12:24:33
56,1,811,AQY,ARC,2019-06-07 21:36:36
57,1,828,HMN,EDF,2019-07-31 12:24:52
58,1,829,EDF,HMN,2019-07-09 10:53:42
59,1,878,KKI,ALM,2019-07-14 00:50:58
60,1,879,ALM,KKI,2019-05-22 04:33:47
61,1,888,ALZ,ANW,2019-05-09 20:03:52
62,1,889,ANW,ALZ,2019-07-30 15:15:16
63,1,900,AHT,AXX,2019-05-08 11:25:17
64,1,901,AXX,AHT,2019-07-24 21:49:21
65,1,924,AXG,ASX,2019-05-01 05:00:32
66,1,925,ASX,AXG,2019-05-18 14:18:04
67,1,946,APV,ADR,2019-07-26 01:44:09
68,1,947,ADR,APV,2019-06-12 14:36:21
69,1,996,AXG,AXS,2019-07-17 23:47:54
70,1,997,AXS,AXG,2019-06-16 20:18:30
71,1,1000,ADK,KKI,2019-05-24 09:56:32
72,1,1001,KKI,ADK,2019-07-14 07:48:55
73,1,1026,AHN,DYS,2019-05-22 11:20:47
74,1,1027,DYS,AHN,2019-05-05 07:51:53
75,1,1062,AQY,AFO,2019-06-30 17:22:03
76,1,1063,AFO,AQY,2019-06-24 14:46:33
77,1,1068,APN,ALB,2019-06-27 18:40:04
78,1,1069,ALB,APN,2019-06-16 05:08:30
79,1,1100,ATE,ALE,2019-06-14 01:18:55
80,1,1101,ALE,ATE,2019-07-30 14:53:58
81,1,1144,AIA,AMW,2019-07-21 19:17:45
82,1,1145,AMW,AIA,2019-06-04 07:05:53
83,1,1166,ABQ,AAF,2019-07-04 11:48:58
84,1,1167,AAF,ABQ,2019-07-16 11:48:42
85,1,1168,ADK,NAB,2019-07-28 06:47:49
86,1,1169,NAB,ADK,2019-05-06 16:23:43
87,1,1192,QAW,AHH,2019-07-08 04:47:44
88,1,1193,AHH,QAW,2019-06-23 18:32:42
89,1,1208,NAB,MMI,2019-07-27 09:08:31
90,1,1209,MMI,NAB,2019-06-10 17:56:33
91,1,1216,ATE,ALX,2019-05-08 17:21:45
92,1,1217,ALX,ATE,2019-06-27 16:43:53
93,1,1250,ARC,AED,2019-07-30 12:46:39
94,1,1251,AED,ARC,2019-05-11 20:06:32
95,1,1274,ALS,APG,2019-06-28 07:39:23
96,1,1275,APG,ALS,2019-06-02 01:16:37
97,1,1284,ADK,ADG,2019-05-23 20:52:26
98,1,1285,ADG,ADK,2019-05-05 05:01:27
99,1,1328,RLI,LTS,2019-06-02 09:28:12
100,1,1329,LTS,RLI,2019-07-06 07:47:07
101,2,14,APV,ALX,2019-05-29 08:45:29
102,2,15,ALX,APV,2019-05-17 07:14:22
103,2,18,MRI,OTS,2019-05-08 02:56:06
104,2,19,OTS,MRI,2019-06-08 08:34:52
105,2,64,VJI,AOS,2019-05-30 14:43:06
106,2,65,AOS,VJI,2019-05-05 18:21:19
107,2,88,AGN,AXX,2019-05-10 02:09:33
108,2,89,AXX,AGN,2019-05-30 11:12:16
109,2,124,OTS,ALZ,2019-06-01 20:24:14
110,2,125,ALZ,OTS,2019-07-29 17:22:04
111,2,142,ABQ,ADM,2019-05-04 18:50:47
112,2,143,ADM,ABQ,2019-05-11 08:55:37
113,2,192,AKK,NDV,2019-05-29 15:27:26
114,2,193,NDV,AKK,2019-05-07 16:58:00
115,2,240,ATE,ATW,2019-05-19 09:55:17
116,2,241,ATW,ATE,2019-07-31 11:52:02
117,2,278,ACV,ALX,2019-06-21 03:00:01
118,2,279,ALX,ACV,2019-06-11 05:34:58
119,2,322,ALN,ARB,2019-07-03 08:19:08
120,2,323,ARB,ALN,2019-07-11 15:42:42
121,2,330,AYZ,AND,2019-07-15 08:17:30
122,2,331,AND,AYZ,2019-07-24 13:41:45
123,2,356,AKC,MRI,2019-07-25 14:24:48
124,2,357,MRI,AKC,2019-07-16 00:10:43
125,2,358,ASE,ASX,2019-06-07 19:29:45
126,2,359,ASX,ASE,2019-07-09 21:00:10
127,2,384,AOS,AGN,2019-06-18 15:22:26
128,2,385,AGN,AOS,2019-06-17 06:19:10
129,2,426,AFO,AMN,2019-07-17 23:07:52
130,2,427,AMN,AFO,2019-05-19 12:44:55
131,2,466,ARB,AGN,2019-07-07 13:55:44
132,2,467,AGN,ARB,2019-06-19 04:27:32
133,2,484,ARX,AQY,2019-07-27 03:11:12
134,2,485,AQY,ARX,2019-07-06 17:26:45
135,2,488,VJI,APG,2019-05-22 22:49:09
136,2,489,APG,VJI,2019-06-28 03:43:21
137,2,526,CAK,ANP,2019-07-20 00:26:25
138,2,527,ANP,CAK,2019-07-24 00:44:56
139,2,550,AIV,ADK,2019-05-06 11:06:32
140,2,551,ADK,AIV,2019-05-12 16:34:43
141,2,600,MRI,ARB,2019-05-18 03:39:44
142,2,601,ARB,MRI,2019-07-22 02:22:08
143,2,644,AHD,AMA,2019-07-15 02:52:36
144,2,645,AMA,AHD,2019-05-25 02:51:54
145,2,670,KKI,ATS,2019-07-26 09:01:16
146,2,671,ATS,KKI,2019-07-30 10:19:22
147,2,672,ANV,ABL,2019-06-18 01:48:46
148,2,673,ABL,ANV,2019-05-12 16:36:54
149,2,692,CAK,ATS,2019-05-01 10:40:42
150,2,693,ATS,CAK,2019-07-03 06:04:24
151,2,728,AKI,ESF,2019-06-12 18:44:59
152,2,729,ESF,AKI,2019-06-23 22:57:48
153,2,746,ANC,AST,2019-06-05 12:48:18
154,2,747,AST,ANC,2019-07-17 19:22:37
155,2,790,APN,CVO,2019-07-14 13:24:55
156,2,791,CVO,APN,2019-06-20 05:10:10
157,2,830,ANQ,AMA,2019-05-03 00:28:37
158,2,831,AMA,ANQ,2019-05-20 12:23:39
159,2,840,NGZ,ADT,2019-07-31 20:22:57
160,2,841,ADT,NGZ,2019-06-29 01:56:58
161,2,886,ANW,ABY,2019-06-14 23:28:19
162,2,887,ABY,ANW,2019-07-08 12:22:27
163,2,902,AKO,OTS,2019-07-22 10:18:10
164,2,903,OTS,AKO,2019-06-02 10:43:24
165,2,920,AET,ASX,2019-05-07 15:52:50
166,2,921,ASX,AET,2019-05-12 18:33:41
167,2,950,ALB,ADM,2019-06-17 16:57:01
168,2,951,ADM,ALB,2019-05-24 01:25:49
169,2,988,ALS,ADG,2019-06-02 15:27:53
170,2,989,ADG,ALS,2019-07-14 07:02:38
171,2,1020,ANP,ADG,2019-07-01 05:26:16
172,2,1021,ADG,ANP,2019-06-13 09:45:36
173,2,1064,NAB,ALB,2019-06-23 03:27:24
174,2,1065,ALB,NAB,2019-07-28 19:55:13
175,2,1068,AIK,ANN,2019-06-20 14:03:56
176,2,1069,ANN,AIK,2019-07-10 22:48:01
177,2,1076,AXG,ABQ,2019-07-20 08:36:56
178,2,1077,ABQ,AXG,2019-07-20 21:40:24
179,2,1120,ACV,AKK,2019-06-12 05:27:05
180,2,1121,AKK,ACV,2019-07-30 12:28:54
181,2,1158,ABI,QAW,2019-07-05 00:37:13
182,2,1159,QAW,ABI,2019-05-13 22:09:30
183,2,1188,AIV,ALE,2019-06-07 01:24:55
184,2,1189,ALE,AIV,2019-07-13 22:23:32
185,2,1230,ANY,ANI,2019-06-21 23:02:47
186,2,1231,ANI,ANY,2019-05-27 08:03:24
187,2,1242,AED,AMA,2019-07-18 10:49:28
188,2,1243,AMA,AED,2019-06-17 01:56:20
189,2,1266,AHT,ALE,2019-06-28 21:34:12
190,2,1267,ALE,AHT,2019-05-18 21:35:31
191,2,1286,HMN,ESF,2019-05-01 19:47:45
192,2,1287,ESF,HMN,2019-07-10 15:36:58
193,2,1330,AXX,ANP,2019-05-06 09:44:43
194,2,1331,ANP,AXX,2019-07-18 12:15:54
195,2,1360,AHH,AST,2019-06-20 12:10:25
196,2,1361,AST,AHH,2019-07-19 19:32:29
197,2,1374,ALI,AMW,2019-06-19 04:04:35
198,2,1375,AMW,ALI,2019-05-17 07:16:37
199,2,1376,ALI,APG,2019-06-03 19:46:13
200,2,1377,APG,ALI,2019-05-20 22:14:36
201,3,2,ATS,OTS,2019-06-15 01:28:14
202,3,3,OTS,ATS,2019-06-10 03:14:21
203,3,26,VJI,ATW,2019-06-28 21:11:57
204,3,27,ATW,VJI,2019-05-25 00:06:01
205,3,36,CAK,OTS,2019-05-12 07:30:58
206,3,37,OTS,CAK,2019-06-07 07:43:31
207,3,84,ABY,ALS,2019-06-11 08:51:18
208,3,85,ALS,ABY,2019-07-07 16:31:40
209,3,100,AXN,APG,2019-05-24 08:11:52
210,3,101,APG,AXN,2019-05-16 16:09:37
211,3,118,AXB,ANA,2019-05-14 16:34:50
212,3,119,ANA,AXB,2019-05-14 07:54:46
213,3,126,LTS,EDF,2019-07-15 08:10:53
214,3,127,EDF,LTS,2019-06-26 15:35:54
215,3,130,JLH,AND,2019-06-08 23:06:47
216,3,131,AND,JLH,2019-05-17 09:14:50
217,3,162,AIK,ADT,2019-07-16 16:38:58
218,3,163,ADT,AIK,2019-07-09 06:58:15
219,3,194,AST,ARX,2019-06-26 14:23:07
220,3,195,ARX,AST,2019-05-30 21:58:42
221,3,206,ANB,ALE,2019-05-08 01:46:29
222,3,207,ALE,ANB,2019-06-27 23:27:57
223,3,240,AKC,MMI,2019-07-16 00:24:29
224,3,241,MMI,AKC,2019-05-06 01:09:48
225,3,244,EDF,AHT,2019-07-14 09:48:28
226,3,245,AHT,EDF,2019-05-10 02:32:18
227,3,268,AMW,AHN,2019-07-12 16:19:06
228,3,269,AHN,AMW,2019-06-26 09:03:57
229,3,284,AXB,AXN,2019-05-06 16:56:21
230,3,285,AXN,AXB,2019-06-08 13:10:40
231,3,300,ASY,ALE,2019-07-02 08:54:14
232,3,301,ALE,ASY,2019-07-13 00:59:05
233,3,334,ALI,ATW,2019-05-31 10:47:04
234,3,335,ATW,ALI,2019-07-16 19:11:08
235,3,364,AYZ,AUK,2019-05-22 17:37:25
236,3,365,AUK,AYZ,2019-06-27 20:28:16
237,3,396,AED,ASX,2019-05-11 16:16:18
238,3,397,ASX,AED,2019-05-17 17:25:32
239,3,432,ABQ,ANN,2019-07-19 09:44:12
240,3,433,ANN,ABQ,2019-06-20 12:08:33
241,3,438,AFO,AUK,2019-06-15 06:43:59
242,3,439,AUK,AFO,2019-05-17 04:36:01
243,3,460,RLI,AHD,2019-07-08 20:00:59
244,3,461,AHD,RLI,2019-07-30 04:59:44
245,3,498,ATW,TDW,2019-05-20 10:32:03
246,3,499,TDW,ATW,2019-05-20 00:08:41
247,3,528,ARB,AKK,2019-06-23 12:31:13
248,3,529,AKK,ARB,2019-05-01 00:37:18
249,3,548,ARX,ASX,2019-05-01 14:46:50
250,3,549,ASX,ARX,2019-07-01 23:48:25
251,3,588,AKO,WKK,2019-06-29 09:31:29
252,3,589,WKK,AKO,2019-06-17 15:14:25
253,3,626,KQA,ANV,2019-07-06 05:19:11
254,3,627,ANV,KQA,2019-06-30 13:52:12
255,3,656,ANN,EDF,2019-07-31 14:39:38
256,3,657,EDF,ANN,2019-06-22 13:25:13
257,3,670,ALN,ARX,2019-07-10 00:11:34
258,3,671,ARX,ALN,2019-07-17 10:39:46
259,3,694,AUK,JLH,2019-07-21 19:44:56
260,3,695,JLH,AUK,2019-05-29 16:05:10
261,3,710,ANN,AHT,2019-07-10 04:53:06
262,3,711,AHT,ANN,2019-07-27 16:48:05
263,3,734,ASY,NDV,2019-05-18 16:46:26
264,3,735,NDV,ASY,2019-07-08 13:05:28
265,3,782,AXG,JLH,2019-07-22 07:24:03
266,3,783,JLH,AXG,2019-05-07 00:37:47
267,3,826,ABQ,AEL,2019-05-11 18:59:03
268,3,827,AEL,ABQ,2019-06-13 10:45:33
269,3,862,LTS,RLI,2019-05-24 19:43:51
270,3,863,RLI,LTS,2019-07-24 01:51:53
271,3,904,APV,ANV,2019-05-24 12:42:23
272,3,905,ANV,APV,2019-07-18 08:18:59
273,3,922,ASY,AAF,2019-05-23 22:15:27
274,3,923,AAF,ASY,2019-06-08 21:00:00
275,3,962,NGZ,ALI,2019-07-15 09:56:09
276,3,963,ALI,NGZ,2019-05-25 19:20:33
277,3,970,ANP,AIB,2019-05-22 01:20:37
278,3,971,AIB,ANP,2019-05-30 17:24:02
279,3,1000,ASX,ANY,2019-06-25 14:53:41
280,3,1001,ANY,ASX,2019-06-30 02:31:49
281,3,1010,CVO,AST,2019-06-07 03:34:06
282,3,1011,AST,CVO,2019-07-04 03:55:03
283,3,1040,AHF,OTS,2019-06-04 18:45:30
284,3,1041,OTS,AHF,2019-05-19 17:40:49
285,3,1070,ANP,ARC,2019-07-28 04:43:32
286,3,1071,ARC,ANP,2019-05-13 14:54:36
287,3,1094,AAF,ALS,2019-07-01 15:16:11
288,3,1095,ALS,AAF,2019-06-27 07:30:57
289,3,1140,ATW,ALB,2019-06-22 11:43:15
290,3,1141,ALB,ATW,2019-05-18 23:36:52
291,3,1186,ANB,AET,2019-07-30 17:57:47
292,3,1187,AET,ANB,2019-05-16 22:37:32
293,3,1190,AXX,ADG,2019-07-25 21:42:03
294,3,1191,ADG,AXX,2019-05-04 03:40:29
295,3,1226,AID,ABL,2019-07-31 17:08:55
296,3,1227,ABL,AID,2019-05-26 04:37:24
297,3,1270,CAK,AXS,2019-07-20 15:51:27
298,3,1271,AXS,CAK,2019-07-10 18:58:15
299,3,1274,ASY,AFO,2019-06-24 17:56:12
300,3,1275,AFO,ASY,2019-06-19 20:39:46
301,4,10,ASY,ATS,2019-06-01 20:10:52
302,4,11,ATS,ASY,2019-05-14 22:12:17
303,4,32,ALX,OTS,2019-06-04 13:18:21
304,4,33,OTS,ALX,2019-06-05 14:39:30
305,4,34,ADR,ATS,2019-07-23 00:33:20
306,4,35,ATS,ADR,2019-07-23 18:38:43
307,4,56,AET,AKI,2019-05-14 03:56:57
308,4,57,AKI,AET,2019-06-05 21:48:34
309,4,62,AEX,MRI,2019-07-27 10:34:57
310,4,63,MRI,AEX,2019-06-20 21:41:47
311,4,94,AHH,ANA,2019-06-14 14:49:50
312,4,95,ANA,AHH,2019-05-26 07:53:38
313,4,136,LTS,JLH,2019-05-23 21:20:03
314,4,137,JLH,LTS,2019-05-25 09:13:30
315,4,166,AAF,AKI,2019-06-06 12:01:50
316,4,167,AKI,AAF,2019-05-26 23:13:48
317,4,168,ALI,ANY,2019-05-01 03:55:23
318,4,169,ANY,ALI,2019-05-30 12:44:47
319,4,200,ADT,EDF,2019-06-01 17:06:12
320,4,201,EDF,ADT,2019-07-27 11:50:04
321,4,226,VJI,OTS,2019-06-01 16:48:23
322,4,227,OTS,VJI,2019-07-11 12:15:09
323,4,260,ADT,ANN,2019-05-04 10:43:33
324,4,261,ANN,ADT,2019-07-20 20:26:12
325,4,264,ARB,ATW,2019-05-15 00:25:40
326,4,265,ATW,ARB,2019-07-12 09:36:01
327,4,296,AIV,AFO,2019-05-25 22:53:57
328,4,297,AFO,AIV,2019-06-20 03:00:02
329,4,340,ADM,AST,2019-06-11 18:26:49
330,4,341,AST,ADM,2019-05-27 10:21:55
331,4,358,ADG,AMN,2019-06-06 19:38:11
332,4,359,AMN,ADG,2019-06-24 01:12:13
333,4,378,WKK,ANQ,2019-05-03 12:32:11
334,4,379,ANQ,WKK,2019-07-23 22:48:49
335,4,384,AYZ,CVO,2019-05-21 10:16:40
336,4,385,CVO,AYZ,2019-05-25 18:03:54
337,4,430,CVO,LTS,2019-06-19 16:14:48
338,4,431,LTS,CVO,2019-06-14 23:38:54
339,4,436,AMA,WKK,2019-05-30 17:31:26
340,4,437,WKK,AMA,2019-05-21 14:38:01
341,4,478,AAF,AXX,2019-06-07 03:46:32
342,4,479,AXX,AAF,2019-06-02 18:29:00
343,4,510,ANP,AIB,2019-07-14 20:42:19
344,4,511,AIB,ANP,2019-05-09 00:38:36
345,4,544,LTS,QAW,2019-07-25 03:05:15
346,4,545,QAW,LTS,2019-07-06 08:43:36
347,4,546,ANY,AKC,2019-05-14 20:52:09
348,4,547,AKC,ANY,2019-05-26 00:52:49
349,4,558,AGN,AHN,2019-05-20 06:27:10
350,4,559,AHN,AGN,2019-06-17 07:37:43
351,4,564,AYZ,AED,2019-07-01 20:06:02
352,4,565,AED,AYZ,2019-07-12 02:14:09
353,4,582,AXX,WKK,2019-07-03 22:56:43
354,4,583,WKK,AXX,2019-06-18 21:15:36
355,4,604,AFO,ANC,2019-07-02 17:02:49
356,4,605,ANC,AFO,2019-05-17 19:09:57
357,4,624,ANC,ANV,2019-05-13 06:31:36
358,4,625,ANV,ANC,2019-05-27 14:54:37
359,4,626,AIA,AXG,2019-07-02 09:56:25
360,4,627,AXG,AIA,2019-05-01 03:54:51
361,4,666,AAF,AMA,2019-06-01 12:21:45
362,4,667,AMA,AAF,2019-07-26 09:13:47
363,4,716,JLH,AYZ,2019-06-14 22:24:20
364,4,717,AYZ,JLH,2019-05-23 21:20:19
365,4,742,HMN,APG,2019-06-30 07:06:21
366,4,743,APG,HMN,2019-06-02 08:07:14
367,4,750,NAB,ESF,2019-06-05 08:40:24
368,4,751,ESF,NAB,2019-06-01 18:11:40
369,4,784,AQY,DYS,2019-05-10 13:01:05
370,4,785,DYS,AQY,2019-06-08 04:17:21
371,4,832,ANN,AOS,2019-07-21 03:22:13
372,4,833,AOS,ANN,2019-07-02 09:49:56
373,4,838,APV,ALM,2019-05-04 07:26:30
374,4,839,ALM,APV,2019-05-16 13:12:27
375,4,870,ATE,ARB,2019-07-10 23:58:30
376,4,871,ARB,ATE,2019-05-08 18:22:59
377,4,902,NGZ,ANQ,2019-06-30 09:00:04
378,4,903,ANQ,NGZ,2019-06-21 08:27:05
379,4,946,AHT,AXG,2019-07-18 22:39:57
380,4,947,AXG,AHT,2019-05-28 06:10:47
381,4,990,ALI,ANN,2019-07-05 11:21:06
382,4,991,ANN,ALI,2019-06-03 15:46:46
383,4,1036,ANQ,ALS,2019-07-12 17:56:20
384,4,1037,ALS,ANQ,2019-07-23 20:55:49
385,4,1064,ANV,AET,2019-07-12 01:15:04
386,4,1065,AET,ANV,2019-06-21 17:41:35
387,4,1100,ARB,AEL,2019-06-28 13:18:59
388,4,1101,AEL,ARB,2019-07-10 07:29:12
389,4,1118,ANC,ANY,2019-07-02 10:00:49
390,4,1119,ANY,ANC,2019-05-14 00:56:31
391,4,1138,ABR,AET,2019-05-04 19:47:21
392,4,1139,AET,ABR,2019-06-13 13:33:49
393,4,1162,ANW,AKO,2019-06-20 09:12:29
394,4,1163,AKO,ANW,2019-07-12 03:44:01
395,4,1172,AHH,AYZ,2019-07-07 12:43:38
396,4,1173,AYZ,AHH,2019-06-08 01:59:06
397,4,1206,AXN,NDV,2019-05-01 14:26:28
398,4,1207,NDV,AXN,2019-05-07 07:45:19
399,4,1224,AND,MMI,2019-05-23 05:03:29
400,4,1225,MMI,AND,2019-06-17 13:02:13
401,5,22,WKK,ARB,2019-05-25 10:47:48
402,5,23,ARB,WKK,2019-07-13 08:06:47
403,5,62,ALM,AKP,2019-05-28 08:24:56
404,5,63,AKP,ALM,2019-07-28 13:39:20
405,5,66,ANA,AIK,2019-05-27 13:06:35
406,5,67,AIK,ANA,2019-07-18 14:14:56
407,5,76,ANC,AMA,2019-07-14 15:36:13
408,5,77,AMA,ANC,2019-06-27 05:14:47
409,5,104,ALB,ANY,2019-06-28 20:42:31
410,5,105,ANY,ALB,2019-05-12 02:04:49
411,5,134,AFO,ADT,2019-07-12 17:59:35
412,5,135,ADT,AFO,2019-06-07 08:49:12
413,5,148,CAK,ALE,2019-07-20 16:11:40
414,5,149,ALE,CAK,2019-06-28 19:33:19
415,5,194,ASY,ALE,2019-05-26 17:05:36
416,5,195,ALE,ASY,2019-05-29 01:11:09
417,5,234,ALS,AET,2019-06-05 01:19:00
418,5,235,AET,ALS,2019-07-29 16:27:00
419,5,238,AHF,ABY,2019-07-05 19:31:26
420,5,239,ABY,AHF,2019-05-10 06:45:48
421,5,242,ADR,LTS,2019-06-27 10:33:37
422,5,243,LTS,ADR,2019-07-15 08:28:33
423,5,244,ALM,EDF,2019-05-31 21:23:15
424,5,245,EDF,ALM,2019-07-26 05:04:35
425,5,264,ARX,AHN,2019-06-07 21:44:42
426,5,265,AHN,ARX,2019-06-15 13:59:51
427,5,300,AXS,AXX,2019-07-19 13:05:16
428,5,301,AXX,AXS,2019-07-02 04:09:03
429,5,318,ARX,QAW,2019-05-31 12:36:57
430,5,319,QAW,ARX,2019-05-07 18:01:40
431,5,350,ATW,AOS,2019-07-31 22:59:45
432,5,351,AOS,ATW,2019-07-14 23:31:11
433,5,360,ARX,ANW,2019-07-05 06:06:06
434,5,361,ANW,ARX,2019-05-18 02:28:51
435,5,386,NDV,EDF,2019-05-27 00:00:28
436,5,387,EDF,NDV,2019-05-17 18:25:21
437,5,412,ALS,AHT,2019-06-05 03:13:15
438,5,413,AHT,ALS,2019-07-15 12:39:05
439,5,432,APV,TDW,2019-05-30 06:38:01
440,5,433,TDW,APV,2019-06-16 06:34:52
441,5,468,CVO,AXS,2019-06-21 07:16:17
442,5,469,AXS,CVO,2019-07-23 14:57:32
443,5,484,QAW,MMI,2019-05-16 09:09:11
444,5,485,MMI,QAW,2019-05-23 02:26:19
445,5,504,ASX,AND,2019-05-26 17:18:38
446,5,505,AND,ASX,2019-06-03 22:59:34
447,5,546,ALS,AOS,2019-05-12 07:07:07
448,5,547,AOS,ALS,2019-07-12 23:21:07
449,5,592,VJI,AIB,2019-05-16 12:59:15
450,5,593,AIB,VJI,2019-07-08 07:49:15
451,5,602,ANW,AHT,2019-05-19 02:18:40
452,5,603,AHT,ANW,2019-06-03 02:46:03
453,5,616,AHH,ASX,2019-06-13 09:41:39
454,5,617,ASX,AHH,2019-07-01 23:53:09
455,5,648,ASX,AND,2019-05-28 00:10:29
456,5,649,AND,ASX,2019-06-23 15:54:40
457,5,688,ANI,DYS,2019-07-12 20:51:05
458,5,689,DYS,ANI,2019-07-24 09:18:02
459,5,726,RFK,ASY,2019-05-03 16:42:27
460,5,727,ASY,RFK,2019-05-28 06:30:52
461,5,752,ASE,CVO,2019-06-04 15:55:53
462,5,753,CVO,ASE,2019-07-28 05:41:35
463,5,798,AGN,ESF,2019-05-15 16:04:44
464,5,799,ESF,AGN,2019-05-09 14:37:33
465,5,808,ARC,AMN,2019-07-11 14:08:53
466,5,809,AMN,ARC,2019-07-23 23:16:21
467,5,816,ALI,ABY,2019-07-05 03:10:10
468,5,817,ABY,ALI,2019-05-04 10:40:42
469,5,866,AND,ALE,2019-05-20 21:48:32
470,5,867,ALE,AND,2019-05-13 16:49:59
471,5,894,ALS,KQA,2019-06-28 17:41:51
472,5,895,KQA,ALS,2019-05-25 22:22:25
473,5,902,AFO,WKK,2019-07-19 06:33:08
474,5,903,WKK,AFO,2019-07-10 01:25:21
475,5,918,ASY,QAW,2019-07-23 12:22:45
476,5,919,QAW,ASY,2019-07-17 17:45:28
477,5,926,DYS,AAF,2019-06-10 07:51:16
478,5,927,AAF,DYS,2019-05-22 06:02:56
479,5,964,AXN,AYZ,2019-07-03 05:09:33
480,5,965,AYZ,AXN,2019-07-30 02:17:49
481,5,1010,RLI,LTS,2019-06-20 01:58:18
482,5,1011,LTS,RLI,2019-06-06 12:40:54
483,5,1054,ANN,ATW,2019-05-03 00:52:00
484,5,1055,ATW,ANN,2019-07-25 02:02:19
485,5,1088,ANV,AKO,2019-06-30 04:43:13
486,5,1089,AKO,ANV,2019-07-07 11:51:35
487,5,1128,ANB,ASY,2019-07-15 05:24:21
488,5,1129,ASY,ANB,2019-05-01 10:35:20
489,5,1178,ANQ,ALX,2019-06-13 01:06:42
490,5,1179,ALX,ANQ,2019-05-08 00:34:01
491,5,1204,AOS,AST,2019-06-10 10:24:33
492,5,1205,AST,AOS,2019-06-03 05:51:37
493,5,1248,ABR,ALE,2019-05-25 01:52:17
494,5,1249,ALE,ABR,2019-06-30 07:12:21
495,5,1276,AMN,KQA,2019-05-26 00:02:35
496,5,1277,KQA,AMN,2019-06-12 11:43:57
497,5,1324,DYS,TDW,2019-05-27 04:09:50
498,5,1325,TDW,DYS,2019-07-11 22:59:30
499,5,1334,CAK,AKC,2019-07-07 02:11:36
500,5,1335,AKC,CAK,2019-06-12 02:44:39
501,6,4,ALX,NAB,2019-05-18 03:18:58
502,6,5,NAB,ALX,2019-06-22 05:46:20
503,6,28,ABQ,APG,2019-05-07 23:01:30
504,6,29,APG,ABQ,2019-07-12 03:55:49
505,6,50,AIB,ALZ,2019-05-25 07:21:35
506,6,51,ALZ,AIB,2019-05-15 16:36:42
507,6,70,AKC,AAF,2019-05-27 15:35:30
508,6,71,AAF,AKC,2019-06-18 20:04:11
509,6,82,ABY,ATO,2019-05-23 19:05:50
510,6,83,ATO,ABY,2019-07-05 17:59:46
511,6,112,NAB,AKP,2019-05-31 15:57:16
512,6,113,AKP,NAB,2019-05-27 20:28:32
513,6,162,NDV,AOS,2019-07-10 00:35:17
514,6,163,AOS,NDV,2019-05-06 01:18:36
515,6,174,ANV,ALZ,2019-06-11 20:27:30
516,6,175,ALZ,ANV,2019-06-17 22:57:46
517,6,178,ABQ,ALI,2019-05-13 17:47:14
518,6,179,ALI,ABQ,2019-05-08 19:05:31
519,6,210,AXG,AQY,2019-06-19 17:43:57
520,6,211,AQY,AXG,2019-06-30 21:33:58
521,6,250,AXX,AED,2019-05-29 23:00:29
522,6,251,AED,AXX,2019-05-27 03:04:25
523,6,252,AXG,ANY,2019-07-07 04:55:07
524,6,253,ANY,AXG,2019-07-09 09:16:45
525,6,302,CAK,AIV,2019-05-17 02:59:28
526,6,303,AIV,CAK,2019-07-06 12:11:15
527,6,346,ARB,OTS,2019-06-28 02:27:52
528,6,347,OTS,ARB,2019-07-23 09:43:52
529,6,368,JLH,NAB,2019-07-27 07:56:24
530,6,369,NAB,JLH,2019-06-23 22:35:27
531,6,370,WKK,ADT,2019-07-23 22:29:21
532,6,371,ADT,WKK,2019-05-06 12:06:38
533,6,372,ATE,MMI,2019-07-07 11:57:11
534,6,373,MMI,ATE,2019-06-18 17:12:15
535,6,400,TDW,ABR,2019-05-03 02:41:48
536,6,401,ABR,TDW,2019-05-22 13:18:56
537,6,424,RFK,ALS,2019-05-08 09:35:45
538,6,425,ALS,RFK,2019-06-23 11:32:02
539,6,442,OTS,AXX,2019-06-08 23:56:02
540,6,443,AXX,OTS,2019-06-24 05:18:49
541,6,478,APG,AEL,2019-07-11 02:51:06
542,6,479,AEL,APG,2019-05-21 20:36:48
543,6,516,KKI,AKI,2019-05-11 18:08:57
544,6,517,AKI,KKI,2019-06-28 02:47:37
545,6,534,QAW,ABY,2019-05-22 18:10:27
546,6,535,ABY,QAW,2019-07-01 08:16:29
547,6,568,ASY,AMW,2019-06-14 23:53:43
548,6,569,AMW,ASY,2019-07-03 11:38:57
549,6,610,ANP,AXG,2019-07-23 21:20:27
550,6,611,AXG,ANP,2019-05-06 19:34:28
551,6,620,AST,OTS,2019-06-06 08:41:17
552,6,621,OTS,AST,2019-05-04 05:16:06
553,6,658,ALM,CVO,2019-07-29 21:04:49
554,6,659,CVO,ALM,2019-06-05 23:26:21
555,6,670,AYZ,HMN,2019-07-24 02:38:55
556,6,671,HMN,AYZ,2019-07-14 02:52:31
557,6,704,KKI,WKK,2019-05-09 18:02:30
558,6,705,WKK,KKI,2019-06-03 08:54:53
559,6,708,ANB,ALI,2019-06-17 01:07:05
560,6,709,ALI,ANB,2019-05-16 10:18:45
561,6,716,AKP,AHF,2019-07-17 04:31:33
562,6,717,AHF,AKP,2019-05-16 09:10:06
563,6,740,HMN,AXG,2019-05-17 07:39:06
564,6,741,AXG,HMN,2019-05-23 02:35:49
565,6,754,AAF,ARX,2019-06-21 07:05:26
566,6,755,ARX,AAF,2019-07-26 18:46:08
567,6,762,AMW,ATS,2019-07-21 00:52:36
568,6,763,ATS,AMW,2019-06-13 00:51:50
569,6,810,AHD,DYS,2019-06-22 07:01:14
570,6,811,DYS,AHD,2019-07-18 19:40:25
571,6,812,ARB,CAK,2019-07-16 17:02:36
572,6,813,CAK,ARB,2019-07-08 15:33:31
573,6,814,ANB,NGZ,2019-06-28 01:22:09
574,6,815,NGZ,ANB,2019-07-08 17:21:16
575,6,862,ANQ,AXX,2019-07-24 10:59:41
576,6,863,AXX,ANQ,2019-07-10 01:02:48
577,6,906,ARC,RFK,2019-05-04 06:16:21
578,6,907,RFK,ARC,2019-06-30 17:24:29
579,6,932,NDV,ASY,2019-05-30 14:47:18
580,6,933,ASY,NDV,2019-05-16 20:45:29
581,6,950,ALE,AIB,2019-07-21 11:38:47
582,6,951,AIB,ALE,2019-05-24 12:54:17
583,6,970,ASE,AOS,2019-07-06 05:06:20
584,6,971,AOS,ASE,2019-07-09 16:17:48
585,6,1012,AXS,VJI,2019-06-05 11:23:30
586,6,1013,VJI,AXS,2019-05-23 08:41:41
587,6,1020,MRI,AXG,2019-07-10 14:28:37
588,6,1021,AXG,MRI,2019-05-20 12:37:35
589,6,1070,ADK,ABR,2019-05-09 18:03:47
590,6,1071,ABR,ADK,2019-07-10 00:27:57
591,6,1114,AEX,NDV,2019-05-07 22:56:12
592,6,1115,NDV,AEX,2019-05-14 00:11:32
593,6,1132,AOS,MRI,2019-06-12 20:45:55
594,6,1133,MRI,AOS,2019-06-17 00:00:34
595,6,1144,ALS,AEL,2019-06-25 14:27:10
596,6,1145,AEL,ALS,2019-06-20 12:13:54
597,6,1154,AIK,AIB,2019-07-24 03:09:09
598,6,1155,AIB,AIK,2019-07-01 07:42:04
599,6,1194,AAF,AXG,2019-05-01 21:14:42
600,6,1195,AXG,AAF,2019-07-01 00:19:09
601,7,44,AKI,ABR,2019-06-05 11:48:48
602,7,45,ABR,AKI,2019-05-06 13:37:41
603,7,58,ASX,AST,2019-06-08 01:32:48
604,7,59,AST,ASX,2019-05-15 23:03:01
605,7,68,EDF,AFO,2019-05-26 03:45:50
606,7,69,AFO,EDF,2019-06-06 05:53:02
607,7,76,ARB,ABL,2019-07-06 08:02:23
608,7,77,ABL,ARB,2019-07-20 21:14:16
609,7,114,ARB,ADK,2019-07-21 12:57:24
610,7,115,ADK,ARB,2019-06-23 01:04:44
611,7,118,AKK,ANW,2019-07-21 10:31:13
612,7,119,ANW,AKK,2019-06-28 14:51:53
613,7,120,AKI,ALX,2019-07-01 07:41:52
614,7,121,ALX,AKI,2019-05-30 10:53:34
615,7,122,KKI,ANN,2019-07-22 12:52:12
616,7,123,ANN,KKI,2019-05-23 21:13:40
617,7,152,AXG,MRI,2019-07-31 14:32:09
618,7,153,MRI,AXG,2019-07-26 03:57:25
619,7,188,AND,ALZ,2019-06-20 16:42:37
620,7,189,ALZ,AND,2019-06-04 08:44:29
621,7,230,NGZ,ABY,2019-07-30 05:53:55
622,7,231,ABY,NGZ,2019-06-11 06:15:39
623,7,250,AXS,ATS,2019-05-12 18:59:03
624,7,251,ATS,AXS,2019-06-11 17:55:39
625,7,294,AET,AKP,2019-05-25 11:30:52
626,7,295,AKP,AET,2019-06-23 04:04:59
627,7,312,AIV,ALE,2019-07-30 02:19:55
628,7,313,ALE,AIV,2019-07-19 10:59:13
629,7,316,AST,AKI,2019-05-13 08:34:45
630,7,317,AKI,AST,2019-07-19 07:26:45
631,7,336,AXG,AUK,2019-06-04 15:37:42
632,7,337,AUK,AXG,2019-06-26 07:06:47
633,7,370,QAW,ATW,2019-05-21 12:20:37
634,7,371,ATW,QAW,2019-07-15 03:02:51
635,7,398,JLH,AET,2019-07-16 03:45:14
636,7,399,AET,JLH,2019-07-25 12:19:49
637,7,408,AMN,ADG,2019-07-14 02:45:08
638,7,409,ADG,AMN,2019-07-01 02:03:14
639,7,454,KQA,ADK,2019-07-16 23:23:17
640,7,455,ADK,KQA,2019-06-19 23:07:12
641,7,484,ALX,AKK,2019-06-07 21:54:13
642,7,485,AKK,ALX,2019-05-06 11:59:47
643,7,492,OTS,NAB,2019-06-25 14:32:44
644,7,493,NAB,OTS,2019-07-02 14:00:46
645,7,542,WKK,ANC,2019-05-02 14:16:59
646,7,543,ANC,WKK,2019-06-20 17:47:34
647,7,560,ATW,ASE,2019-05-29 13:57:33
648,7,561,ASE,ATW,2019-05-01 05:02:48
649,7,570,OTS,ADG,2019-07-25 07:23:11
650,7,571,ADG,OTS,2019-07-04 17:34:32
651,7,614,AIA,AMW,2019-06-29 19:46:44
652,7,615,AMW,AIA,2019-07-31 17:34:24
653,7,662,ATS,AKO,2019-05-18 07:50:33
654,7,663,AKO,ATS,2019-05-22 03:13:53
655,7,670,ANA,ADR,2019-05-02 08:42:09
656,7,671,ADR,ANA,2019-06-14 16:15:30
657,7,714,ARC,ALM,2019-07-11 00:51:27
658,7,715,ALM,ARC,2019-07-01 01:11:14
659,7,720,AED,KQA,2019-05-01 22:38:03
660,7,721,KQA,AED,2019-07-07 14:37:37
661,7,722,AST,CAK,2019-07-01 04:24:21
662,7,723,CAK,AST,2019-07-29 21:55:36
663,7,736,ARX,ABY,2019-05-05 02:12:59
664,7,737,ABY,ARX,2019-07-06 17:12:50
665,7,754,ABR,MMI,2019-05-19 14:35:55
666,7,755,MMI,ABR,2019-07-26 04:17:27
667,7,792,AIA,NGZ,2019-06-10 09:32:17
668,7,793,NGZ,AIA,2019-05-10 05:30:56
669,7,812,AND,AXN,2019-07-20 19:32:33
670,7,813,AXN,AND,2019-06-02 03:37:52
671,7,818,AXN,AEX,2019-06-19 15:02:38
672,7,819,AEX,AXN,2019-07-25 04:02:58
673,7,844,MMI,AOS,2019-05-01 01:40:48
674,7,845,AOS,MMI,2019-07-23 06:37:40
675,7,854,KQA,APN,2019-05-03 12:33:29
676,7,855,APN,KQA,2019-05-09 04:12:33
677,7,856,LTS,TDW,2019-05-21 19:09:47
678,7,857,TDW,LTS,2019-05-05 19:37:02
679,7,898,AYZ,MRI,2019-07-16 22:35:54
680,7,899,MRI,AYZ,2019-06-17 22:08:04
681,7,942,AKP,AIB,2019-05-05 00:49:33
682,7,943,AIB,AKP,2019-06-08 00:10:26
683,7,948,AKK,OTS,2019-06-22 20:40:36
684,7,949,OTS,AKK,2019-07-24 05:43:21
685,7,980,AUK,AIA,2019-07-09 08:14:36
686,7,981,AIA,AUK,2019-06-02 21:55:55
687,7,1030,AED,AXS,2019-05-17 01:44:07
688,7,1031,AXS,AED,2019-06-28 15:41:03
689,7,1070,AET,ARB,2019-06-06 07:16:04
690,7,1071,ARB,AET,2019-07-29 19:05:45
691,7,1080,AHF,AGN,2019-07-23 02:41:08
692,7,1081,AGN,AHF,2019-05-22 19:41:10
693,7,1096,ABI,EDF,2019-06-18 01:19:25
694,7,1097,EDF,ABI,2019-07-21 08:33:23
695,7,1118,MMI,AKI,2019-07-17 13:53:28
696,7,1119,AKI,MMI,2019-06-10 06:51:55
697,7,1126,AKI,ESF,2019-05-30 20:31:52
698,7,1127,ESF,AKI,2019-06-10 18:13:53
699,7,1138,VJI,ESF,2019-05-21 07:39:41
700,7,1139,ESF,VJI,2019-05-06 16:51:10
701,8,42,ABY,ALM,2019-07-09 19:16:40
702,8,43,ALM,ABY,2019-07-28 04:47:29
703,8,88,KQA,AMW,2019-07-20 22:32:26
704,8,89,AMW,KQA,2019-07-16 13:39:16
705,8,132,AKK,AIK,2019-07-26 20:11:34
706,8,133,AIK,AKK,2019-05-31 18:55:08
707,8,170,LTS,EDF,2019-07-22 15:52:52
708,8,171,EDF,LTS,2019-05-13 09:15:04
709,8,174,DYS,ABQ,2019-07-15 20:48:00
710,8,175,ABQ,DYS,2019-07-16 22:50:39
711,8,210,CAK,ANP,2019-05-19 03:07:53
712,8,211,ANP,CAK,2019-06-13 07:14:56
713,8,246,AIK,AST,2019-05-15 19:11:55
714,8,247,AST,AIK,2019-07-15 06:08:37
715,8,292,QAW,DYS,2019-07-22 17:16:36
716,8,293,DYS,QAW,2019-06-16 18:41:57
717,8,336,KKI,ALE,2019-07-31 21:52:48
718,8,337,ALE,KKI,2019-06-07 05:25:47
719,8,372,AHF,AKC,2019-06-23 03:01:55
720,8,373,AKC,AHF,2019-06-19 18:56:02
721,8,420,AKP,ADT,2019-07-09 23:50:53
722,8,421,ADT,AKP,2019-05-15 22:45:52
723,8,468,HMN,AGN,2019-05-22 09:48:40
724,8,469,AGN,HMN,2019-06-30 22:24:50
725,8,512,ABQ,ADK,2019-05-10 23:18:33
726,8,513,ADK,ABQ,2019-07-05 17:36:16
727,8,536,AKC,ANV,2019-05-15 01:08:05
728,8,537,ANV,AKC,2019-07-17 04:13:57
729,8,542,ABQ,NGZ,2019-05-24 06:36:50
730,8,543,NGZ,ABQ,2019-06-09 14:21:36
731,8,576,AIV,AMA,2019-07-28 10:48:06
732,8,577,AMA,AIV,2019-07-07 18:13:43
733,8,588,AEX,AXN,2019-06-20 23:11:10
734,8,589,AXN,AEX,2019-05-15 15:31:34
735,8,604,ASY,ASE,2019-07-08 15:12:50
736,8,605,ASE,ASY,2019-07-05 11:26:07
737,8,640,ABQ,AOS,2019-07-15 22:55:34
738,8,641,AOS,ABQ,2019-06-01 10:57:26
739,8,652,AHF,AHD,2019-07-04 18:51:35
740,8,653,AHD,AHF,2019-07-10 03:47:51
741,8,670,ASY,CVO,2019-07-01 02:50:04
742,8,671,CVO,ASY,2019-07-05 12:58:52
743,8,714,JLH,AAF,2019-07-02 19:00:20
744,8,715,AAF,JLH,2019-07-27 11:08:41
745,8,726,ACV,ASY,2019-07-01 04:09:16
746,8,727,ASY,ACV,2019-06-14 10:23:19
747,8,736,ACV,ABQ,2019-05-02 12:03:19
748,8,737,ABQ,ACV,2019-05-27 20:34:02
749,8,752,AEL,ATE,2019-06-14 08:05:24
750,8,753,ATE,AEL,2019-05-24 23:05:12
751,8,792,ANY,ANP,2019-06-25 15:41:35
752,8,793,ANP,ANY,2019-07-16 14:56:44
753,8,832,AAF,MMI,2019-07-11 09:35:02
754,8,833,MMI,AAF,2019-06-25 21:13:21
755,8,836,APN,ALB,2019-05-11 22:09:58
756,8,837,ALB,APN,2019-07-26 02:01:31
757,8,872,ABY,CAK,2019-05-23 12:22:29
758,8,873,CAK,ABY,2019-05-03 01:36:18
759,8,908,MMI,ABR,2019-07-29 05:46:42
760,8,909,ABR,MMI,2019-07-01 17:29:08
761,8,956,ADK,AQY,2019-06-07 05:21:20
762,8,957,AQY,ADK,2019-06-03 21:23:16
763,8,994,ABY,AXB,2019-06-20 00:50:22
764,8,995,AXB,ABY,2019-07-19 23:53:23
765,8,1038,EDF,ARX,2019-06-20 07:52:10
766,8,1039,ARX,EDF,2019-07-21 04:58:58
767,8,1050,RFK,CVO,2019-06-04 13:14:37
768,8,1051,CVO,RFK,2019-07-29 03:01:37
769,8,1086,EDF,AFO,2019-06-22 00:05:00
770,8,1087,AFO,EDF,2019-05-29 03:45:05
771,8,1096,ANP,NAB,2019-05-01 14:29:32
772,8,1097,NAB,ANP,2019-05-15 03:40:43
773,8,1138,DYS,AAF,2019-07-31 03:07:09
774,8,1139,AAF,DYS,2019-05-13 06:48:04
775,8,1182,AKI,ARC,2019-06-08 15:34:20
776,8,1183,ARC,AKI,2019-06-21 17:21:28
777,8,1232,NDV,AKI,2019-06-08 13:41:18
778,8,1233,AKI,NDV,2019-05-01 18:38:37
779,8,1278,ANB,ANP,2019-05-22 21:53:12
780,8,1279,ANP,ANB,2019-07-08 23:22:57
781,8,1280,ATO,AET,2019-07-31 18:56:47
782,8,1281,AET,ATO,2019-06-12 22:31:14
783,8,1308,ADG,ALS,2019-05-04 04:32:06
784,8,1309,ALS,ADG,2019-06-29 15:07:19
785,8,1346,AND,ESF,2019-05-10 07:23:48
786,8,1347,ESF,AND,2019-06-20 01:14:45
787,8,1348,ANI,AHF,2019-06-17 00:19:11
788,8,1349,AHF,ANI,2019-05-04 12:07:59
789,8,1376,WKK,ASE,2019-07-26 00:52:23
790,8,1377,ASE,WKK,2019-07-21 05:56:30
791,8,1418,AEL,ATS,2019-07-28 09:11:07
792,8,1419,ATS,AEL,2019-06-09 22:18:15
793,8,1420,ALM,ANV,2019-06-05 01:58:00
794,8,1421,ANV,ALM,2019-05-12 15:20:43
795,8,1468,AID,JLH,2019-06-27 12:51:08
796,8,1469,JLH,AID,2019-06-28 05:54:38
797,8,1490,ANB,JLH,2019-06-02 12:34:47
798,8,1491,JLH,ANB,2019-06-16 10:36:11
799,8,1534,AMN,CAK,2019-06-24 22:04:54
800,8,1535,CAK,AMN,2019-07-22 18:36:50
801,9,12,ACV,ATW,2019-07-31 06:24:11
802,9,13,ATW,ACV,2019-06-01 01:08:08
803,9,62,AYZ,ANI,2019-06-27 15:37:52
804,9,63,ANI,AYZ,2019-07-03 19:50:07
805,9,78,ASE,JLH,2019-06-11 02:57:42
806,9,79,JLH,ASE,2019-05-02 02:51:40
807,9,84,ACV,AKI,2019-07-19 10:35:36
808,9,85,AKI,ACV,2019-05-20 21:22:32
809,9,120,ABI,AMA,2019-05-22 20:08:06
810,9,121,AMA,ABI,2019-07-29 14:42:44
811,9,158,AKO,AQY,2019-05-05 05:48:57
812,9,159,AQY,AKO,2019-06-13 03:26:01
813,9,178,QAW,VJI,2019-06-26 16:53:04
814,9,179,VJI,QAW,2019-07-31 00:56:56
815,9,224,ASY,AHF,2019-07-03 00:28:17
816,9,225,AHF,ASY,2019-06-14 11:26:17
817,9,230,ANY,ABQ,2019-05-01 10:10:17
818,9,231,ABQ,ANY,2019-07-22 01:24:56
819,9,270,ARC,VJI,2019-06-17 22:20:39
820,9,271,VJI,ARC,2019-05-24 02:13:50
821,9,278,AHH,AST,2019-05-22 05:29:06
822,9,279,AST,AHH,2019-07-10 04:29:08
823,9,312,AXG,ALN,2019-05-28 12:06:00
824,9,313,ALN,AXG,2019-06-12 21:04:26
825,9,342,ALB,ANC,2019-07-07 17:28:41
826,9,343,ANC,ALB,2019-06-28 07:01:16
827,9,384,ANV,ANQ,2019-05-04 08:39:31
828,9,385,ANQ,ANV,2019-06-24 19:02:04
829,9,390,DYS,AIV,2019-05-24 12:16:13
830,9,391,AIV,DYS,2019-05-24 15:02:40
831,9,422,AIA,VJI,2019-07-26 10:04:59
832,9,423,VJI,AIA,2019-07-03 00:32:12
833,9,468,HMN,AHD,2019-07-10 12:42:56
834,9,469,AHD,HMN,2019-05-12 07:01:12
835,9,486,AET,AMA,2019-05-06 15:26:00
836,9,487,AMA,AET,2019-05-05 19:45:57
837,9,536,CAK,AMA,2019-07-14 08:52:49
838,9,537,AMA,CAK,2019-07-01 15:43:54
839,9,580,ADM,ANI,2019-07-22 14:09:31
840,9,581,ANI,ADM,2019-06-22 01:10:10
841,9,616,HMN,AND,2019-05-02 03:37:28
842,9,617,AND,HMN,2019-06-18 10:26:22
843,9,622,AED,KKI,2019-07-08 21:18:21
844,9,623,KKI,AED,2019-07-17 18:50:12
845,9,628,ANI,ADT,2019-06-10 23:32:27
846,9,629,ADT,ANI,2019-07-25 14:02:46
847,9,634,AKI,ATW,2019-07-16 23:30:31
848,9,635,ATW,AKI,2019-05-22 03:50:07
849,9,646,ARX,AHF,2019-05-03 10:34:31
850,9,647,AHF,ARX,2019-07-17 10:14:38
851,9,654,ATS,DYS,2019-06-12 17:04:01
852,9,655,DYS,ATS,2019-06-11 04:46:36
853,9,680,ABY,AGN,2019-06-19 12:33:27
854,9,681,AGN,ABY,2019-06-26 07:35:36
855,9,692,AIK,CVO,2019-07-29 16:12:01
856,9,693,CVO,AIK,2019-07-30 16:37:01
857,9,722,ANP,ANB,2019-05-16 12:37:23
858,9,723,ANB,ANP,2019-06-16 20:44:56
859,9,746,WKK,ESF,2019-06-16 03:12:05
860,9,747,ESF,WKK,2019-05-03 11:44:13
861,9,748,ATS,RLI,2019-07-01 16:19:53
862,9,749,RLI,ATS,2019-07-08 12:54:19
863,9,780,JLH,ANV,2019-07-07 07:49:46
864,9,781,ANV,JLH,2019-07-14 09:14:16
865,9,828,ADG,HMN,2019-07-22 11:28:54
866,9,829,HMN,ADG,2019-07-25 18:22:13
867,9,876,ALM,AIV,2019-05-22 00:23:59
868,9,877,AIV,ALM,2019-05-06 20:52:49
869,9,882,ADT,ALZ,2019-07-20 05:45:58
870,9,883,ALZ,ADT,2019-05-29 22:28:38
871,9,892,WKK,ANV,2019-06-30 23:26:48
872,9,893,ANV,WKK,2019-07-09 23:52:54
873,9,894,AAF,AHT,2019-06-18 01:18:37
874,9,895,AHT,AAF,2019-06-23 22:00:20
875,9,942,ABI,MMI,2019-05-16 19:51:05
876,9,943,MMI,ABI,2019-05-03 09:51:57
877,9,968,CAK,ALN,2019-06-01 15:06:42
878,9,969,ALN,CAK,2019-07-04 21:05:45
879,9,1006,AET,ANV,2019-07-07 01:00:09
880,9,1007,ANV,AET,2019-07-03 09:24:11
881,9,1026,AEL,MRI,2019-05-07 20:03:22
882,9,1027,MRI,AEL,2019-07-12 06:08:49
883,9,1044,AQY,NGZ,2019-05-08 05:49:22
884,9,1045,NGZ,AQY,2019-06-19 09:08:21
885,9,1060,AST,ADK,2019-06-17 10:50:40
886,9,1061,ADK,AST,2019-06-19 15:30:29
887,9,1090,CVO,HMN,2019-07-24 22:49:11
888,9,1091,HMN,CVO,2019-07-19 19:19:51
889,9,1114,LTS,ABI,2019-05-16 06:34:04
890,9,1115,ABI,LTS,2019-07-05 13:48:45
891,9,1150,ASE,VJI,2019-05-17 15:24:46
892,9,1151,VJI,ASE,2019-07-18 12:59:57
893,9,1188,AHF,OTS,2019-07-24 10:31:57
894,9,1189,OTS,AHF,2019-07-11 22:14:01
895,9,1228,ALN,ALZ,2019-05-28 18:41:02
896,9,1229,ALZ,ALN,2019-07-17 05:55:13
897,9,1260,AEX,ARC,2019-07-26 18:48:13
898,9,1261,ARC,AEX,2019-06-07 04:47:00
899,9,1286,ALE,JLH,2019-05-08 11:46:31
900,9,1287,JLH,ALE,2019-07-21 08:25:50
901,10,6,TDW,AXN,2019-05-06 18:06:08
902,10,7,AXN,TDW,2019-06-09 20:03:53
903,10,54,KQA,AHF,2019-05-31 10:26:48
904,10,55,AHF,KQA,2019-06-01 13:20:07
905,10,66,DYS,ADT,2019-06-14 15:35:00
906,10,67,ADT,DYS,2019-06-19 05:52:56
907,10,98,MRI,ANA,2019-07-11 16:25:28
908,10,99,ANA,MRI,2019-07-29 21:20:02
909,10,144,AXN,RFK,2019-06-26 23:40:13
910,10,145,RFK,AXN,2019-07-27 23:07:31
911,10,174,AED,AMA,2019-07-23 20:18:09
912,10,175,AMA,AED,2019-07-12 09:57:35
913,10,218,AKO,ANN,2019-07-05 04:49:46
914,10,219,ANN,AKO,2019-07-22 20:49:48
915,10,224,ANI,AIV,2019-06-26 15:57:07
916,10,225,AIV,ANI,2019-05-03 12:22:02
917,10,264,AIA,ABI,2019-05-08 06:49:30
918,10,265,ABI,AIA,2019-07-21 11:15:43
919,10,310,QAW,ANP,2019-05-02 07:13:12
920,10,311,ANP,QAW,2019-07-10 18:49:59
921,10,336,ARC,ADR,2019-07-08 01:17:48
922,10,337,ADR,ARC,2019-07-31 18:33:41
923,10,352,AYZ,QAW,2019-05-17 15:27:19
924,10,353,QAW,AYZ,2019-06-04 06:39:48
925,10,382,APG,ALE,2019-07-31 05:09:18
926,10,383,ALE,APG,2019-06-20 04:46:27
927,10,408,ANQ,AUK,2019-07-10 07:32:26
928,10,409,AUK,ANQ,2019-07-11 23:06:50
929,10,430,ADR,CAK,2019-07-20 15:32:09
930,10,431,CAK,ADR,2019-05-05 02:19:25
931,10,468,AAF,APV,2019-05-04 05:54:57
932,10,469,APV,AAF,2019-06-21 03:13:56
933,10,512,CVO,ESF,2019-07-18 01:38:04
934,10,513,ESF,CVO,2019-06-22 02:29:58
935,10,562,ANW,ATE,2019-06-15 19:10:01
936,10,563,ATE,ANW,2019-07-07 16:45:46
937,10,600,ABQ,AKI,2019-05-27 01:30:38
938,10,601,AKI,ABQ,2019-06-16 08:39:46
939,10,602,AKK,ADK,2019-05-27 14:58:31
940,10,603,ADK,AKK,2019-07-23 01:02:31
941,10,646,ARB,ASE,2019-05-14 20:40:26
942,10,647,ASE,ARB,2019-06-15 04:58:49
943,10,650,ANQ,AEX,2019-06-20 20:29:36
944,10,651,AEX,ANQ,2019-06-12 23:13:29
945,10,700,ANC,AKI,2019-07-20 15:38:58
946,10,701,AKI,ANC,2019-06-15 05:23:14
947,10,736,QAW,AMN,2019-07-24 07:39:29
948,10,737,AMN,QAW,2019-07-07 16:28:03
949,10,784,NGZ,NAB,2019-07-20 14:48:16
950,10,785,NAB,NGZ,2019-05-03 00:13:22
951,10,820,AHN,ACV,2019-06-08 08:53:42
952,10,821,ACV,AHN,2019-05-12 18:05:29
953,10,826,AHH,ARB,2019-07-19 21:14:52
954,10,827,ARB,AHH,2019-06-25 01:09:25
955,10,858,VJI,ALB,2019-06-05 14:40:49
956,10,859,ALB,VJI,2019-05-10 21:17:38
957,10,890,AYZ,AXG,2019-07-29 11:35:47
958,10,891,AXG,AYZ,2019-06-16 14:18:07
959,10,928,ANB,AHD,2019-05-29 23:56:00
960,10,929,AHD,ANB,2019-07-27 02:51:51
961,10,934,ABI,AKP,2019-06-22 18:00:22
962,10,935,AKP,ABI,2019-05-01 04:23:00
963,10,982,ANP,ATE,2019-07-07 09:10:16
964,10,983,ATE,ANP,2019-06-10 02:01:07
965,10,1000,AHN,ANN,2019-05-22 11:58:14
966,10,1001,ANN,AHN,2019-06-19 20:21:32
967,10,1040,AIB,MRI,2019-06-11 21:57:48
968,10,1041,MRI,AIB,2019-05-04 06:09:36
969,10,1070,ANN,ARC,2019-07-01 16:08:20
970,10,1071,ARC,ANN,2019-07-09 19:40:36
971,10,1116,ANI,AFO,2019-05-28 09:52:42
972,10,1117,AFO,ANI,2019-05-19 22:51:46
973,10,1128,ABI,AMN,2019-05-30 04:19:13
974,10,1129,AMN,ABI,2019-05-28 12:48:07
975,10,1136,ABL,ABI,2019-05-15 20:32:58
976,10,1137,ABI,ABL,2019-06-28 16:55:15
977,10,1144,AKK,CAK,2019-05-19 19:59:37
978,10,1145,CAK,AKK,2019-07-12 00:22:44
979,10,1172,APG,AKC,2019-05-09 09:14:43
980,10,1173,AKC,APG,2019-07-05 05:21:46
981,10,1182,ATW,ALZ,2019-06-06 00:38:19
982,10,1183,ALZ,ATW,2019-07-12 19:28:34
983,10,1210,ANY,ALB,2019-05-21 15:35:57
984,10,1211,ALB,ANY,2019-06-24 02:17:44
985,10,1256,AED,ADM,2019-07-26 19:26:05
986,10,1257,ADM,AED,2019-07-27 14:29:15
987,10,1298,ATS,ALS,2019-05-21 12:13:22
988,10,1299,ALS,ATS,2019-07-29 07:42:25
989,10,1314,AIV,AHF,2019-06-18 20:27:41
990,10,1315,AHF,AIV,2019-05-31 08:41:02
991,10,1330,ALM,NGZ,2019-06-25 16:52:49
992,10,1331,NGZ,ALM,2019-06-03 11:23:00
993,10,1356,AMA,ATW,2019-05-24 12:04:42
994,10,1357,ATW,AMA,2019-06-25 04:29:12
995,10,1390,ADG,ABL,2019-06-09 08:16:08
996,10,1391,ABL,ADG,2019-05-11 03:36:43
997,10,1426,JLH,ABL,2019-07-15 10:01:45
998,10,1427,ABL,JLH,2019-05-04 14:14:16
999,10,1476,AIV,ALE,2019-05-24 13:59:52
1000,10,1477,ALE,AIV,2019-05-24 04:48:05
1001,11,14,AGN,ANP,2019-06-14 09:24:24
1002,11,15,ANP,AGN,2019-07-29 18:47:07
1003,11,58,AKK,TDW,2019-05-19 23:35:31
1004,11,59,TDW,AKK,2019-07-12 09:55:46
1005,11,80,AET,AXB,2019-07-20 19:47:02
1006,11,81,AXB,AET,2019-06-05 04:20:10
1007,11,88,ANY,AQY,2019-07-12 10:33:09
1008,11,89,AQY,ANY,2019-06-12 13:34:58
1009,11,110,AXS,AMW,2019-05-27 11:11:19
1010,11,111,AMW,AXS,2019-06-30 09:35:50
1011,11,134,NDV,ADG,2019-05-10 07:14:19
1012,11,135,ADG,NDV,2019-05-01 04:13:54
1013,11,142,AXS,APG,2019-07-09 06:26:39
1014,11,143,APG,AXS,2019-05-09 18:59:00
1015,11,158,AHT,ANV,2019-06-25 09:02:37
1016,11,159,ANV,AHT,2019-06-28 13:22:22
1017,11,200,ANC,AIK,2019-05-07 09:19:19
1018,11,201,AIK,ANC,2019-05-09 06:51:37
1019,11,204,AIK,AXN,2019-07-18 05:21:31
1020,11,205,AXN,AIK,2019-05-16 22:29:57
1021,11,240,ARC,AXG,2019-07-28 21:54:18
1022,11,241,AXG,ARC,2019-05-02 15:12:05
1023,11,284,ABQ,WKK,2019-06-15 19:51:06
1024,11,285,WKK,ABQ,2019-05-14 01:33:56
1025,11,296,AGN,AIV,2019-06-19 20:48:45
1026,11,297,AIV,AGN,2019-05-31 11:48:31
1027,11,302,ANY,TDW,2019-06-02 07:40:52
1028,11,303,TDW,ANY,2019-05-02 23:24:35
1029,11,330,AXG,LTS,2019-05-06 09:28:55
1030,11,331,LTS,AXG,2019-06-22 23:05:40
1031,11,378,RFK,ASY,2019-07-26 05:24:01
1032,11,379,ASY,RFK,2019-05-25 23:16:25
1033,11,400,ANA,AEL,2019-07-17 08:47:12
1034,11,401,AEL,ANA,2019-07-18 18:34:25
1035,11,436,ABQ,AND,2019-05-29 20:33:22
1036,11,437,AND,ABQ,2019-06-18 00:19:06
1037,11,470,CAK,AHT,2019-06-01 16:37:57
1038,11,471,AHT,CAK,2019-06-25 14:08:31
1039,11,504,AAF,AKO,2019-06-21 09:15:17
1040,11,505,AKO,AAF,2019-06-29 00:10:31
1041,11,512,ASY,ABR,2019-07-24 16:09:24
1042,11,513,ABR,ASY,2019-06-03 17:46:05
1043,11,524,ADK,ALM,2019-06-11 14:16:03
1044,11,525,ALM,ADK,2019-05-01 12:42:09
1045,11,566,LTS,AET,2019-05-11 04:29:48
1046,11,567,AET,LTS,2019-07-27 18:52:06
1047,11,570,ANA,RLI,2019-05-17 07:14:45
1048,11,571,RLI,ANA,2019-07-06 06:16:50
1049,11,574,ADK,LTS,2019-07-07 04:43:53
1050,11,575,LTS,ADK,2019-05-31 07:33:57
1051,11,590,ANY,AAF,2019-05-06 13:22:13
1052,11,591,AAF,ANY,2019-06-26 19:35:33
1053,11,594,ANN,ANY,2019-07-16 19:06:29
1054,11,595,ANY,ANN,2019-05-08 10:01:40
1055,11,636,ALX,RLI,2019-05-17 21:45:30
1056,11,637,RLI,ALX,2019-07-27 20:18:07
1057,11,640,AND,AIA,2019-07-16 06:10:11
1058,11,641,AIA,AND,2019-07-16 19:18:01
1059,11,666,AYZ,ANC,2019-05-31 17:36:07
1060,11,667,ANC,AYZ,2019-07-16 15:28:23
1061,11,704,ADR,AKI,2019-06-01 16:53:11
1062,11,705,AKI,ADR,2019-07-31 20:13:35
1063,11,730,AUK,ALS,2019-05-08 20:01:12
1064,11,731,ALS,AUK,2019-06-26 12:23:32
1065,11,740,AXG,OTS,2019-06-15 14:46:36
1066,11,741,OTS,AXG,2019-06-24 06:01:08
1067,11,772,JLH,ADM,2019-07-05 14:55:28
1068,11,773,ADM,JLH,2019-07-30 19:09:46
1069,11,774,ALN,AKP,2019-06-11 02:50:05
1070,11,775,AKP,ALN,2019-05-02 03:40:45
1071,11,824,ABI,ANW,2019-05-26 00:39:07
1072,11,825,ANW,ABI,2019-07-06 00:44:34
1073,11,834,ATS,AXN,2019-07-27 07:47:24
1074,11,835,AXN,ATS,2019-07-15 23:23:19
1075,11,842,ABR,AXN,2019-05-20 03:25:14
1076,11,843,AXN,ABR,2019-06-22 22:15:10
1077,11,876,KQA,AXX,2019-05-30 00:17:22
1078,11,877,AXX,KQA,2019-06-11 14:53:27
1079,11,904,AKO,DYS,2019-06-24 09:36:50
1080,11,905,DYS,AKO,2019-06-06 04:39:10
1081,11,908,ANQ,ATO,2019-07-17 11:17:39
1082,11,909,ATO,ANQ,2019-07-27 04:36:03
1083,11,954,AHH,AQY,2019-05-15 19:13:34
1084,11,955,AQY,AHH,2019-06-11 03:19:16
1085,11,986,MMI,AIB,2019-05-12 08:24:51
1086,11,987,AIB,MMI,2019-07-27 05:15:24
1087,11,1012,ABI,ALZ,2019-07-07 18:38:22
1088,11,1013,ALZ,ABI,2019-06-13 19:46:02
1089,11,1022,CVO,NDV,2019-05-20 15:45:46
1090,11,1023,NDV,CVO,2019-06-17 08:24:51
1091,11,1060,WKK,NAB,2019-05-22 18:57:21
1092,11,1061,NAB,WKK,2019-07-31 10:33:27
1093,11,1078,ALZ,ADG,2019-07-05 11:01:34
1094,11,1079,ADG,ALZ,2019-07-30 02:46:19
1095,11,1112,ARB,CVO,2019-05-24 23:27:15
1096,11,1113,CVO,ARB,2019-06-17 16:55:27
1097,11,1136,AEX,AHF,2019-06-01 00:01:28
1098,11,1137,AHF,AEX,2019-05-08 14:14:40
1099,11,1178,KQA,AFO,2019-07-06 21:53:58
1100,11,1179,AFO,KQA,2019-05-07 14:08:34
1101,12,42,AID,ADK,2019-06-09 09:52:38
1102,12,43,ADK,AID,2019-05-15 01:31:25
1103,12,80,AKK,APV,2019-06-18 14:48:39
1104,12,81,APV,AKK,2019-06-05 16:54:05
1105,12,120,ASY,ADK,2019-07-31 15:30:12
1106,12,121,ADK,ASY,2019-05-04 06:23:57
1107,12,156,ABY,ESF,2019-06-04 02:55:58
1108,12,157,ESF,ABY,2019-07-10 17:03:59
1109,12,206,ARB,AIV,2019-07-12 23:31:06
1110,12,207,AIV,ARB,2019-07-10 06:53:28
1111,12,208,AHN,AHD,2019-05-22 03:39:18
1112,12,209,AHD,AHN,2019-07-20 23:52:27
1113,12,234,EDF,AKK,2019-06-02 23:50:40
1114,12,235,AKK,EDF,2019-07-10 14:34:31
1115,12,264,AMW,AKI,2019-06-29 13:15:45
1116,12,265,AKI,AMW,2019-05-01 06:27:28
1117,12,284,ADM,RLI,2019-06-08 12:27:23
1118,12,285,RLI,ADM,2019-05-13 22:07:05
1119,12,312,TDW,ANC,2019-06-27 09:03:44
1120,12,313,ANC,TDW,2019-06-15 04:26:14
1121,12,326,ATO,AOS,2019-05-21 17:37:42
1122,12,327,AOS,ATO,2019-05-13 12:34:20
1123,12,368,LTS,ANB,2019-06-03 00:49:01
1124,12,369,ANB,LTS,2019-05-01 02:36:00
1125,12,402,ATW,ANP,2019-07-03 04:39:40
1126,12,403,ANP,ATW,2019-07-25 01:09:09
1127,12,424,RLI,ABY,2019-06-18 22:16:31
1128,12,425,ABY,RLI,2019-06-19 07:45:02
1129,12,450,ALB,HMN,2019-06-19 18:40:44
1130,12,451,HMN,ALB,2019-06-11 07:51:20
1131,12,490,AIA,NAB,2019-07-30 16:41:52
1132,12,491,NAB,AIA,2019-07-21 10:46:05
1133,12,540,AHT,AMW,2019-05-10 13:13:32
1134,12,541,AMW,AHT,2019-07-08 13:34:52
1135,12,584,ALZ,ASE,2019-06-15 09:02:22
1136,12,585,ASE,ALZ,2019-07-23 06:06:14
1137,12,614,QAW,ADT,2019-06-20 23:46:33
1138,12,615,ADT,QAW,2019-05-05 17:00:46
1139,12,650,CAK,AXN,2019-06-09 00:44:50
1140,12,651,AXN,CAK,2019-05-02 22:28:38
1141,12,690,AEX,ANI,2019-06-01 11:48:23
1142,12,691,ANI,AEX,2019-07-11 02:59:56
1143,12,728,ADM,KKI,2019-05-22 09:24:04
1144,12,729,KKI,ADM,2019-06-03 05:27:33
1145,12,748,AAF,ALS,2019-06-18 07:09:52
1146,12,749,ALS,AAF,2019-07-26 12:37:29
1147,12,766,RLI,AND,2019-05-31 09:36:02
1148,12,767,AND,RLI,2019-06-21 20:55:28
1149,12,778,ABY,AQY,2019-05-25 04:50:38
1150,12,779,AQY,ABY,2019-06-12 04:00:08
1151,12,820,ALN,ANW,2019-05-10 02:19:25
1152,12,821,ANW,ALN,2019-05-02 22:59:59
1153,12,834,ABI,AIV,2019-06-12 10:14:04
1154,12,835,AIV,ABI,2019-05-28 17:11:25
1155,12,850,ARC,AET,2019-05-06 03:22:23
1156,12,851,AET,ARC,2019-06-22 03:04:24
1157,12,890,ATO,ALS,2019-06-05 09:39:57
1158,12,891,ALS,ATO,2019-05-25 02:22:30
1159,12,924,ANB,KKI,2019-05-14 11:07:54
1160,12,925,KKI,ANB,2019-06-01 04:44:54
1161,12,946,AXG,AKK,2019-06-12 04:50:03
1162,12,947,AKK,AXG,2019-05-13 11:46:30
1163,12,956,AKO,ABL,2019-07-04 09:18:37
1164,12,957,ABL,AKO,2019-07-21 21:15:11
1165,12,970,AST,ADM,2019-05-11 00:35:52
1166,12,971,ADM,AST,2019-06-29 12:36:48
1167,12,1004,CAK,LTS,2019-07-20 21:00:06
1168,12,1005,LTS,CAK,2019-06-14 10:21:27
1169,12,1022,AKI,AHN,2019-06-20 12:14:16
1170,12,1023,AHN,AKI,2019-07-19 09:39:23
1171,12,1056,ALN,ADR,2019-05-07 16:41:09
1172,12,1057,ADR,ALN,2019-06-13 00:10:08
1173,12,1106,RLI,AIB,2019-05-09 22:39:18
1174,12,1107,AIB,RLI,2019-06-02 20:11:09
1175,12,1120,JLH,AHF,2019-06-29 14:14:37
1176,12,1121,AHF,JLH,2019-07-07 05:49:00
1177,12,1126,RLI,ABY,2019-06-04 23:48:14
1178,12,1127,ABY,RLI,2019-06-30 21:11:49
1179,12,1172,AMA,ARX,2019-06-10 19:45:43
1180,12,1173,ARX,AMA,2019-05-11 07:56:46
1181,12,1204,ARB,ADM,2019-06-28 02:04:32
1182,12,1205,ADM,ARB,2019-07-15 20:36:14
1183,12,1230,ANC,CVO,2019-06-23 18:00:44
1184,12,1231,CVO,ANC,2019-07-27 14:02:56
1185,12,1244,ANP,ANY,2019-05-28 08:34:07
1186,12,1245,ANY,ANP,2019-05-22 04:55:35
1187,12,1252,WKK,ANN,2019-06-22 18:24:23
1188,12,1253,ANN,WKK,2019-06-19 00:16:14
1189,12,1254,AIB,ANV,2019-07-12 06:13:52
1190,12,1255,ANV,AIB,2019-05-16 18:17:17
1191,12,1280,AEX,ARX,2019-05-12 14:55:28
1192,12,1281,ARX,AEX,2019-05-01 23:40:36
1193,12,1300,AMA,AFO,2019-07-09 02:05:38
1194,12,1301,AFO,AMA,2019-05-12 22:50:40
1195,12,1334,ADT,AKK,2019-07-07 22:38:29
1196,12,1335,AKK,ADT,2019-07-29 22:36:14
1197,12,1364,AMW,ANN,2019-06-27 11:54:44
1198,12,1365,ANN,AMW,2019-07-17 06:33:25
1199,12,1376,ALE,LTS,2019-07-17 05:18:39
1200,12,1377,LTS,ALE,2019-07-26 00:20:51
